Workbook

Sheet Empleados
A1: Id | B1: Nombre | C1: horario ingreso Mañana | D1: Horario salida Mañana | E1: Horario Ingreso Tarde | F1: Horario Salida Tarde | G1: Contratacion | H1: Horario corrido | I1: Dias | J1: grupo
A2: 1 | B2: Todos
A3: 20 | B3: De Carli Gonzalo | C3: 0.3125 | D3: 0.5 | E3: 0.55208333 | F3: 0.73958333 | G3: Mensual | H3: NO | I3: lunes a viernes | J3: Administracion
A4: 43 | B4: Vanegas Leandro | C4: 0.27083333 | D4: 0.5 | E4: 0.5625 | F4: 0.75 | G4: Quincenal | H4: NO | I4: lunes a viernes | J4: Metalurgica
A5: 51 | B5: Quignard Fernando | C5: 0.27083333 | D5: 0.5 | E5: 0.5625 | F5: 0.75 | G5: Quincenal | H5: NO | I5: lunes a viernes | J5: Metalurgica
A6: 52 | B6: Mario Butto | C6: 0.27083333 | D6: 0.5 | E6: 0.5625 | F6: 0.75 | G6: Quincenal | H6: NO | I6: lunes a viernes | J6: Metalurgica
A7: 67 | B7: Madera Adrián | C7: 0.27083333 | D7: 0.5 | E7: 0.5625 | F7: 0.75 | G7: Quincenal | H7: NO | I7: lunes a viernes | J7: Metalurgica
A8: 79 | B8: Zarate Olivera Luis | C8: 0.3125 | D8: 0.5 | E8: 0.5625 | F8: 0.75 | G8: Quincenal | H8: NO | I8: lunes a viernes | J8: Taller
A9: 82 | B9: Godoy Denis | C9: 0.27083333 | D9: 0.5 | E9: 0.5625 | F9: 0.75 | G9: Quincenal | H9: NO | I9: lunes a viernes | J9: Metalurgica
A10: 83 | B10: Zurvera Mirna | C10: 0.29166667 | F10: 0.58333333 | G10: Mensual | H10: SI | I10: lunes a viernes | J10: Administracion
A11: 93 | B11: Suarez Elina | C11: 0.29166667 | F11: 0.54166667 | H11: SI | I11: lunes a viernes | J11: Administracion
A12: 94 | B12: Cordoba Gustavo | C12: 0.3125 | D12: 0.5 | E12: 0.5625 | F12: 0.75 | H12: NO | I12: lunes a viernes | J12: Administracion
A13: 96 | B13: Stieven Emiliano | C13: 0.3125 | D13: 0.5 | E13: 0.5625 | F13: 0.75 | G13: Quincenal | H13: NO | I13: lunes a viernes | J13: Taller
A14: 97 | B14: Gomez Pablo | C14: 0.3125 | D14: 0.5 | E14: 0.5625 | F14: 0.75 | G14: Quincenal | H14: NO | I14: lunes a viernes | J14: Taller
A15: 99 | B15: Fernandez Lara | C15: 0.29166667 | F15: 0.58333333 | H15: SI | I15: lunes a viernes | J15: Administracion
A16: 100 | B16: Bressan Jorge | C16: 0.3125 | D16: 0.5 | E16: 0.5625 | F16: 0.75 | G16: Quincenal | H16: NO | I16: lunes a viernes | J16: Taller
A17: 101 | B17: Gimenez Joel | C17: 0.27083333 | D17: 0.5 | E17: 0.5625 | F17: 0.75 | G17: Quincenal | H17: NO | I17: lunes a viernes | J17: Metalurgica
A18: 105 | B18: Moreno Jose Benjamin | C18: 0.3125 | D18: 0.5 | E18: 0.5625 | F18: 0.75 | G18: Quincenal | H18: NO | I18: lunes a viernes | J18: Taller
A19: 107 | B19: Juarez Paulina | C19: 0.375 | F19: 0.625 | G19: Quincenal | H19: SI | I19: lunes a viernes | J19: Maestranza
A20: 108 | B20: Bruno Daniel | C20: 0.27083333 | D20: 0.5 | E20: 0.5625 | F20: 0.75 | G20: Quincenal | H20: NO | I20: lunes a viernes | J20: Metalurgica
A21: 109 | B21: Acosta Renzo | C21: 0.27083333 | D21: 0.5 | E21: 0.5625 | F21: 0.75 | G21: Quincenal | H21: NO | I21: lunes a viernes | J21: Metalurgica
A22: 111 | B22: Borgognoni Tomas | C22: 0.3125 | D22: 0.5 | E22: 0.5625 | F22: 0.75 | G22: Quincenal | H22: NO | I22: lunes a viernes | J22: Taller
A23: 113 | B23: Pelliza Roque | C23: 0.3125 | D23: 0.5 | E23: 0.5625 | F23: 0.75 | G23: Quincenal | H23: NO | I23: lunes a viernes | J23: Maestranza
A24: 117 | B24: Mansilla Luis Gabriel | C24: 0.27083333 | D24: 0.5 | E24: 0.5625 | F24: 0.75 | G24: Quincenal | H24: NO | I24: lunes a viernes | J24: Metalurgica
A25: 118 | B25: Zeller Lucas Ezequiel | C25: 0.3125 | D25: 0.5 | G25: Mensual | H25: SI | I25: lunes , miercoles y viernes | J25: Administracion
A26: 119 | B26: Lencina Rocio Pilar | C26: 0.375 | F26: 0.70833333 | G26: Mensual | H26: SI | I26: lunes a viernes | J26: Administracion
A27: 122 | B27: Perez Jonathan Joel | C27: 0.33333333 | D27: 0.5 | G27: Quincenal | H27: NO | I27: lunes a viernes | J27: Pasante
A28: 123 | B28: Paz Walter Fernando | C28: 0.27083333 | D28: 0.5 | E28: 0.5625 | F28: 0.75 | G28: Quincenal | H28: NO | I28: lunes a viernes | J28: Metalurgica
A29: 124 | B29: Serrano Ramirez Eduardo Ismael | C29: 0.3125 | D29: 0.5 | E29: 0.5625 | F29: 0.75 | G29: Mensual | H29: NO | I29: lunes a viernes | J29: Taller
A30: 125 | B30: Barotto Emmanuel Gonzalo | C30: 0.27083333 | D30: 0.5 | E30: 0.5625 | F30: 0.75 | G30: Quincenal | H30: NO | I30: lunes a viernes | J30: Metalurgica

Sheet Ausencias
A1: Legajo | B1: Nombre (auto) | C1: Grupo (auto) | D1: Días laborales (auto) | E1: Tipo ausencia | F1: Fecha desde | G1: Fecha hasta | H1: Días corridos | I1: Estado | J1: Observación | K1: Clave control
A2: 1 | B2: =IF(A2="","",IFERROR(VLOOKUP(A2,Empleados!A:B,2,FALSE),"")) -> Todos | C2: =IF(A2="","",IFERROR(VLOOKUP(A2,Empleados!A:J,9,FALSE),"")) -> 0 | D2: =IF(A2="","",IFERROR(VLOOKUP(A2,Empleados!A:I,8,FALSE),"")) -> 0 | E2: FERIADO | F2: 46143 | G2: 46143 | H2: =IF(OR(F2="",G2=""),"",G2-F2+1) -> 1 | I2: APROBADO | K2: =IF(A2="","",A2&"|"&TEXT(F2,"yyyymmdd")&"|"&TEXT(G2,"yyyymmdd")) -> 1|20260501|20260501
A3: 82 | B3: =IF(A3="","",IFERROR(VLOOKUP(A3,Empleados!A:B,2,FALSE),"")) -> Godoy Denis | C3: =IF(A3="","",IFERROR(VLOOKUP(A3,Empleados!A:J,9,FALSE),"")) -> lunes a viernes | D3: =IF(A3="","",IFERROR(VLOOKUP(A3,Empleados!A:I,8,FALSE),"")) -> NO | E3: ACCIDENTE DE TRABAJO | F3: 46146 | G3: 46387 | H3: =IF(OR(F3="",G3=""),"",G3-F3+1) -> 242 | I3: APROBADO | K3: =IF(A3="","",A3&"|"&TEXT(F3,"yyyymmdd")&"|"&TEXT(G3,"yyyymmdd")) -> 82|20260504|20261231
A4: 52 | B4: =IF(A4="","",IFERROR(VLOOKUP(A4,Empleados!A:B,2,FALSE),"")) -> Mario Butto | C4: =IF(A4="","",IFERROR(VLOOKUP(A4,Empleados!A:J,9,FALSE),"")) -> lunes a viernes | D4: =IF(A4="","",IFERROR(VLOOKUP(A4,Empleados!A:I,8,FALSE),"")) -> NO | E4: ACCIDENTE DE TRABAJO | F4: 46146 | G4: 46387 | H4: =IF(OR(F4="",G4=""),"",G4-F4+1) -> 242 | I4: APROBADO | K4: =IF(A4="","",A4&"|"&TEXT(F4,"yyyymmdd")&"|"&TEXT(G4,"yyyymmdd")) -> 52|20260504|20261231
A5: 1 | B5: =IF(A5="","",IFERROR(VLOOKUP(A5,Empleados!A:B,2,FALSE),"")) -> Todos | C5: =IF(A5="","",IFERROR(VLOOKUP(A5,Empleados!A:J,9,FALSE),"")) -> 0 | D5: =IF(A5="","",IFERROR(VLOOKUP(A5,Empleados!A:I,8,FALSE),"")) -> 0 | E5: FERIADO | F5: 46167 | G5: 46167 | H5: =IF(OR(F5="",G5=""),"",G5-F5+1) -> 1 | I5: APROBADO | K5: =IF(A5="","",A5&"|"&TEXT(F5,"yyyymmdd")&"|"&TEXT(G5,"yyyymmdd")) -> 1|20260525|20260525
A6: 93 | B6: =IF(A6="","",IFERROR(VLOOKUP(A6,Empleados!A:B,2,FALSE),"")) -> Suarez Elina | C6: =IF(A6="","",IFERROR(VLOOKUP(A6,Empleados!A:J,9,FALSE),"")) -> lunes a viernes | D6: =IF(A6="","",IFERROR(VLOOKUP(A6,Empleados!A:I,8,FALSE),"")) -> SI | E6: PRESENTE | F6: 46149 | G6: 46156 | H6: =IF(OR(F6="",G6=""),"",G6-F6+1) -> 8 | I6: APROBADO | K6: =IF(A6="","",A6&"|"&TEXT(F6,"yyyymmdd")&"|"&TEXT(G6,"yyyymmdd")) -> 93|20260507|20260514
A7: 96 | B7: =IF(A7="","",IFERROR(VLOOKUP(A7,Empleados!A:B,2,FALSE),"")) -> Stieven Emiliano | C7: =IF(A7="","",IFERROR(VLOOKUP(A7,Empleados!A:J,9,FALSE),"")) -> lunes a viernes | D7: =IF(A7="","",IFERROR(VLOOKUP(A7,Empleados!A:I,8,FALSE),"")) -> NO | E7: PRESENTE | F7: 46156 | G7: 46157 | H7: =IF(OR(F7="",G7=""),"",G7-F7+1) -> 2 | I7: APROBADO | K7: =IF(A7="","",A7&"|"&TEXT(F7,"yyyymmdd")&"|"&TEXT(G7,"yyyymmdd")) -> 96|20260514|20260515
A8: 100 | B8: =IF(A8="","",IFERROR(VLOOKUP(A8,Empleados!A:B,2,FALSE),"")) -> Bressan Jorge | C8: =IF(A8="","",IFERROR(VLOOKUP(A8,Empleados!A:J,9,FALSE),"")) -> lunes a viernes | D8: =IF(A8="","",IFERROR(VLOOKUP(A8,Empleados!A:I,8,FALSE),"")) -> NO | E8: PRESENTE | F8: 46154 | G8: 46155 | H8: =IF(OR(F8="",G8=""),"",G8-F8+1) -> 2 | I8: APROBADO | K8: =IF(A8="","",A8&"|"&TEXT(F8,"yyyymmdd")&"|"&TEXT(G8,"yyyymmdd")) -> 100|20260512|20260513
A9: 51 | B9: =IF(A9="","",IFERROR(VLOOKUP(A9,Empleados!A:B,2,FALSE),"")) -> Quignard Fernando | C9: =IF(A9="","",IFERROR(VLOOKUP(A9,Empleados!A:J,9,FALSE),"")) -> lunes a viernes | D9: =IF(A9="","",IFERROR(VLOOKUP(A9,Empleados!A:I,8,FALSE),"")) -> NO | E9: AUSENCIA | F9: 46161 | G9: 46161 | H9: =IF(OR(F9="",G9=""),"",G9-F9+1) -> 1 | I9: APROBADO | K9: =IF(A9="","",A9&"|"&TEXT(F9,"yyyymmdd")&"|"&TEXT(G9,"yyyymmdd")) -> 51|20260519|20260519
A10: 51 | B10: =IF(A10="","",IFERROR(VLOOKUP(A10,Empleados!A:B,2,FALSE),"")) -> Quignard Fernando | C10: =IF(A10="","",IFERROR(VLOOKUP(A10,Empleados!A:J,9,FALSE),"")) -> lunes a viernes | D10: =IF(A10="","",IFERROR(VLOOKUP(A10,Empleados!A:I,8,FALSE),"")) -> NO | E10: PRESENTE | F10: 46154 | G10: 46156 | H10: =IF(OR(F10="",G10=""),"",G10-F10+1) -> 3 | I10: APROBADO | K10: =IF(A10="","",A10&"|"&TEXT(F10,"yyyymmdd")&"|"&TEXT(G10,"yyyymmdd")) -> 51|20260512|20260514
A11: 20 | B11: =IF(A11="","",IFERROR(VLOOKUP(A11,Empleados!A:B,2,FALSE),"")) -> De Carli Gonzalo | C11: =IF(A11="","",IFERROR(VLOOKUP(A11,Empleados!A:J,9,FALSE),"")) -> lunes a viernes | D11: =IF(A11="","",IFERROR(VLOOKUP(A11,Empleados!A:I,8,FALSE),"")) -> NO | E11: VACACIONES | F11: 46164 | G11: 46164 | H11: =IF(OR(F11="",G11=""),"",G11-F11+1) -> 1 | I11: APROBADO | K11: =IF(A11="","",A11&"|"&TEXT(F11,"yyyymmdd")&"|"&TEXT(G11,"yyyymmdd")) -> 20|20260522|20260522
A12: 20 | B12: =IF(A12="","",IFERROR(VLOOKUP(A12,Empleados!A:B,2,FALSE),"")) -> De Carli Gonzalo | C12: =IF(A12="","",IFERROR(VLOOKUP(A12,Empleados!A:J,9,FALSE),"")) -> lunes a viernes | D12: =IF(A12="","",IFERROR(VLOOKUP(A12,Empleados!A:I,8,FALSE),"")) -> NO | E12: PRESENTE | F12: 46170 | G12: 46170 | H12: =IF(OR(F12="",G12=""),"",G12-F12+1) -> 1 | I12: APROBADO | K12: =IF(A12="","",A12&"|"&TEXT(F12,"yyyymmdd")&"|"&TEXT(G12,"yyyymmdd")) -> 20|20260528|20260528
A13: 97 | B13: =IF(A13="","",IFERROR(VLOOKUP(A13,Empleados!A:B,2,FALSE),"")) -> Gomez Pablo | C13: =IF(A13="","",IFERROR(VLOOKUP(A13,Empleados!A:J,9,FALSE),"")) -> lunes a viernes | D13: =IF(A13="","",IFERROR(VLOOKUP(A13,Empleados!A:I,8,FALSE),"")) -> NO | E13: PRESENTE | F13: 46168 | G13: 46169 | H13: =IF(OR(F13="",G13=""),"",G13-F13+1) -> 2 | I13: APROBADO | K13: =IF(A13="","",A13&"|"&TEXT(F13,"yyyymmdd")&"|"&TEXT(G13,"yyyymmdd")) -> 97|20260526|20260527
... A26: 111 | B26: =IF(A26="","",IFERROR(VLOOKUP(A26,Empleados!A:B,2,FALSE),"")) -> Borgognoni Tomas | C26: =IF(A26="","",IFERROR(VLOOKUP(A26,Empleados!A:J,9,FALSE),"")) -> lunes a viernes | D26: =IF(A26="","",IFERROR(VLOOKUP(A26,Empleados!A:I,8,FALSE),"")) -> NO | E26: AUSENCIA | F26: 46196 | G26: 46196 | H26: =IF(OR(F26="",G26=""),"",G26-F26+1) -> 1 | I26: APROBADO | K26: =IF(A26="","",A26&"|"&TEXT(F26,"yyyymmdd")&"|"&TEXT(G26,"yyyymmdd")) -> 111|20260623|20260623
B27: =IF(A27="","",IFERROR(VLOOKUP(A27,Empleados!A:B,2,FALSE),"")) | C27: =IF(A27="","",IFERROR(VLOOKUP(A27,Empleados!A:J,9,FALSE),"")) | D27: =IF(A27="","",IFERROR(VLOOKUP(A27,Empleados!A:I,8,FALSE),"")) | H27: =IF(OR(F27="",G27=""),"",G27-F27+1) | I27: =IF(A27="","","PENDIENTE") | K27: =IF(A27="","",A27&"|"&TEXT(F27,"yyyymmdd")&"|"&TEXT(G27,"yyyymmdd"))
B28: =IF(A28="","",IFERROR(VLOOKUP(A28,Empleados!A:B,2,FALSE),"")) | C28: =IF(A28="","",IFERROR(VLOOKUP(A28,Empleados!A:J,9,FALSE),"")) | D28: =IF(A28="","",IFERROR(VLOOKUP(A28,Empleados!A:I,8,FALSE),"")) | H28: =IF(OR(F28="",G28=""),"",G28-F28+1) | I28: =IF(A28="","","PENDIENTE") | K28: =IF(A28="","",A28&"|"&TEXT(F28,"yyyymmdd")&"|"&TEXT(G28,"yyyymmdd"))
B29: =IF(A29="","",IFERROR(VLOOKUP(A29,Empleados!A:B,2,FALSE),"")) | C29: =IF(A29="","",IFERROR(VLOOKUP(A29,Empleados!A:J,9,FALSE),"")) | D29: =IF(A29="","",IFERROR(VLOOKUP(A29,Empleados!A:I,8,FALSE),"")) | H29: =IF(OR(F29="",G29=""),"",G29-F29+1) | I29: =IF(A29="","","PENDIENTE") | K29: =IF(A29="","",A29&"|"&TEXT(F29,"yyyymmdd")&"|"&TEXT(G29,"yyyymmdd"))
B30: =IF(A30="","",IFERROR(VLOOKUP(A30,Empleados!A:B,2,FALSE),"")) | C30: =IF(A30="","",IFERROR(VLOOKUP(A30,Empleados!A:J,9,FALSE),"")) | D30: =IF(A30="","",IFERROR(VLOOKUP(A30,Empleados!A:I,8,FALSE),"")) | H30: =IF(OR(F30="",G30=""),"",G30-F30+1) | I30: =IF(A30="","","PENDIENTE") | K30: =IF(A30="","",A30&"|"&TEXT(F30,"yyyymmdd")&"|"&TEXT(G30,"yyyymmdd"))
B31: =IF(A31="","",IFERROR(VLOOKUP(A31,Empleados!A:B,2,FALSE),"")) | C31: =IF(A31="","",IFERROR(VLOOKUP(A31,Empleados!A:J,9,FALSE),"")) | D31: =IF(A31="","",IFERROR(VLOOKUP(A31,Empleados!A:I,8,FALSE),"")) | H31: =IF(OR(F31="",G31=""),"",G31-F31+1) | I31: =IF(A31="","","PENDIENTE") | K31: =IF(A31="","",A31&"|"&TEXT(F31,"yyyymmdd")&"|"&TEXT(G31,"yyyymmdd"))
B32: =IF(A32="","",IFERROR(VLOOKUP(A32,Empleados!A:B,2,FALSE),"")) | C32: =IF(A32="","",IFERROR(VLOOKUP(A32,Empleados!A:J,9,FALSE),"")) | D32: =IF(A32="","",IFERROR(VLOOKUP(A32,Empleados!A:I,8,FALSE),"")) | H32: =IF(OR(F32="",G32=""),"",G32-F32+1) | I32: =IF(A32="","","PENDIENTE") | K32: =IF(A32="","",A32&"|"&TEXT(F32,"yyyymmdd")&"|"&TEXT(G32,"yyyymmdd"))
B33: =IF(A33="","",IFERROR(VLOOKUP(A33,Empleados!A:B,2,FALSE),"")) | C33: =IF(A33="","",IFERROR(VLOOKUP(A33,Empleados!A:J,9,FALSE),"")) | D33: =IF(A33="","",IFERROR(VLOOKUP(A33,Empleados!A:I,8,FALSE),"")) | H33: =IF(OR(F33="",G33=""),"",G33-F33+1) | I33: =IF(A33="","","PENDIENTE") | K33: =IF(A33="","",A33&"|"&TEXT(F33,"yyyymmdd")&"|"&TEXT(G33,"yyyymmdd"))
B34: =IF(A34="","",IFERROR(VLOOKUP(A34,Empleados!A:B,2,FALSE),"")) | C34: =IF(A34="","",IFERROR(VLOOKUP(A34,Empleados!A:J,9,FALSE),"")) | D34: =IF(A34="","",IFERROR(VLOOKUP(A34,Empleados!A:I,8,FALSE),"")) | H34: =IF(OR(F34="",G34=""),"",G34-F34+1) | I34: =IF(A34="","","PENDIENTE") | K34: =IF(A34="","",A34&"|"&TEXT(F34,"yyyymmdd")&"|"&TEXT(G34,"yyyymmdd"))
B35: =IF(A35="","",IFERROR(VLOOKUP(A35,Empleados!A:B,2,FALSE),"")) | C35: =IF(A35="","",IFERROR(VLOOKUP(A35,Empleados!A:J,9,FALSE),"")) | D35: =IF(A35="","",IFERROR(VLOOKUP(A35,Empleados!A:I,8,FALSE),"")) | H35: =IF(OR(F35="",G35=""),"",G35-F35+1) | I35: =IF(A35="","","PENDIENTE") | K35: =IF(A35="","",A35&"|"&TEXT(F35,"yyyymmdd")&"|"&TEXT(G35,"yyyymmdd"))
B36: =IF(A36="","",IFERROR(VLOOKUP(A36,Empleados!A:B,2,FALSE),"")) | C36: =IF(A36="","",IFERROR(VLOOKUP(A36,Empleados!A:J,9,FALSE),"")) | D36: =IF(A36="","",IFERROR(VLOOKUP(A36,Empleados!A:I,8,FALSE),"")) | H36: =IF(OR(F36="",G36=""),"",G36-F36+1) | I36: =IF(A36="","","PENDIENTE") | K36: =IF(A36="","",A36&"|"&TEXT(F36,"yyyymmdd")&"|"&TEXT(G36,"yyyymmdd"))
B37: =IF(A37="","",IFERROR(VLOOKUP(A37,Empleados!A:B,2,FALSE),"")) | C37: =IF(A37="","",IFERROR(VLOOKUP(A37,Empleados!A:J,9,FALSE),"")) | D37: =IF(A37="","",IFERROR(VLOOKUP(A37,Empleados!A:I,8,FALSE),"")) | H37: =IF(OR(F37="",G37=""),"",G37-F37+1) | I37: =IF(A37="","","PENDIENTE") | K37: =IF(A37="","",A37&"|"&TEXT(F37,"yyyymmdd")&"|"&TEXT(G37,"yyyymmdd"))
B38: =IF(A38="","",IFERROR(VLOOKUP(A38,Empleados!A:B,2,FALSE),"")) | C38: =IF(A38="","",IFERROR(VLOOKUP(A38,Empleados!A:J,9,FALSE),"")) | D38: =IF(A38="","",IFERROR(VLOOKUP(A38,Empleados!A:I,8,FALSE),"")) | H38: =IF(OR(F38="",G38=""),"",G38-F38+1) | I38: =IF(A38="","","PENDIENTE") | K38: =IF(A38="","",A38&"|"&TEXT(F38,"yyyymmdd")&"|"&TEXT(G38,"yyyymmdd"))
... B197: =IF(A197="","",IFERROR(VLOOKUP(A197,Empleados!A:B,2,FALSE),"")) | C197: =IF(A197="","",IFERROR(VLOOKUP(A197,Empleados!A:J,9,FALSE),"")) | D197: =IF(A197="","",IFERROR(VLOOKUP(A197,Empleados!A:I,8,FALSE),"")) | H197: =IF(OR(F197="",G197=""),"",G197-F197+1) | I197: =IF(A197="","","PENDIENTE") | K197: =IF(A197="","",A197&"|"&TEXT(F197,"yyyymmdd")&"|"&TEXT(G197,"yyyymmdd"))

Sheet Config
A1: Tipos de ausencia | C1: Estados posibles | E1: Instrucciones
A2: DOMINGO | C2: PENDIENTE | E2: 1) En la hoja Ausencias cargá solo Legajo, Tipo, Fecha desde y Fecha hasta.
A3: AUSENCIA | C3: APROBADO | E3: 2) Nombre, Grupo, Días y Horarios se completan solos desde Empleados.
A4: VACACIONES | C4: RECHAZADO | E4: 3) Usá Estado para controlar si está aprobado o pendiente.
A5: ESTUDIAR | E5: 4) No modifiques la hoja Empleados salvo que cambie un horario o ingrese/baje personal.
A6: CAPACITACIONES | E6: 5) Esta plantilla queda lista para que tu app Python cruce ausencias contra las fichadas de Hikvision.
A7: SUSPENCION
A8: NO TRABAJADO
A9: LICENCIA
A10: FERIADO
A11: ACCIDENTE DE TRABAJO
A12: VIAJES
A13: PRESENTE
